{
  "runs": {
    "total": 10,
    "valid": 10
  },
  "metrics": {
    "Delay": {
      "mean": 2743.391156462585,
      "std": 1709.0045938884657,
      "min": 107.0,
      "max": 9434.0,
      "unit": "ms"
    },
    "NLT": {
      "mean": 476296.1,
      "std": 129715.50363815422,
      "min": 327605.0,
      "max": 737781.0,
      "unit": "ms"
    },
    "PRR": {
      "mean": 0.558995066286247,
      "std": 0.14834954442231238,
      "min": 0.27069616500764504,
      "max": 0.7198239432041297,
      "unit": "ratio"
    }
  }
}