{
  "runs": {
    "total": 10,
    "valid": 10
  },
  "metrics": {
    "E2E": {
      "mean": 3028.907761529809,
      "std": 2136.1421181981646,
      "min": 74.0,
      "max": 15720.0,
      "unit": "ms"
    },
    "NLT": {
      "mean": 862878.0,
      "std": 192116.38260006183,
      "min": 609722.0,
      "max": 1127471.0,
      "unit": "ms"
    },
    "QLR": {
      "mean": 0.24799837032600258,
      "std": 0.14204514013992944,
      "min": 0.0,
      "max": 0.7224761113419194,
      "unit": "ratio"
    },
    "PRR": {
      "mean": 0.382427727941092,
      "std": 0.08030995653643136,
      "min": 0.2673935057044488,
      "max": 0.512440840919023,
      "unit": "ratio"
    }
  }
}