{
  "runs": {
    "total": 10,
    "valid": 10
  },
  "metrics": {
    "Delay": {
      "mean": 2619.6118644067797,
      "std": 1702.803147891794,
      "min": 68.0,
      "max": 10817.0,
      "unit": "ms"
    },
    "NLT": {
      "mean": 468202.1,
      "std": 117672.3856744743,
      "min": 249410.0,
      "max": 652984.0,
      "unit": "ms"
    },
    "PRR": {
      "mean": 0.5808932916726102,
      "std": 0.10174538439277879,
      "min": 0.4076410013116401,
      "max": 0.7142289201864108,
      "unit": "ratio"
    }
  }
}