{
  "runs": {
    "total": 10,
    "valid": 10
  },
  "metrics": {
    "Delay": {
      "mean": 2779.7924080664293,
      "std": 1801.590573527079,
      "min": 83.0,
      "max": 11599.0,
      "unit": "ms"
    },
    "NLT": {
      "mean": 882561.7,
      "std": 236947.51911484066,
      "min": 492854.0,
      "max": 1276687.0,
      "unit": "ms"
    },
    "PRR": {
      "mean": 0.35861259710918053,
      "std": 0.10810620290430835,
      "min": 0.1640257705032213,
      "max": 0.4796385927861897,
      "unit": "ratio"
    }
  }
}