{
  "runs": {
    "total": 10,
    "valid": 10
  },
  "metrics": {
    "Delay": {
      "mean": 2710.9049235993207,
      "std": 1717.6148936586146,
      "min": 108.0,
      "max": 9434.0,
      "unit": "ms"
    },
    "NLT": {
      "mean": 476296.1,
      "std": 129715.50363815422,
      "min": 327605.0,
      "max": 737781.0,
      "unit": "ms"
    },
    "PRR": {
      "mean": 0.5603759233050964,
      "std": 0.1304801693483477,
      "min": 0.32418399021728905,
      "max": 0.718880608206352,
      "unit": "ratio"
    }
  }
}