{
  "runs": {
    "total": 10,
    "valid": 10
  },
  "metrics": {
    "Delay": {
      "mean": 2789.804502369668,
      "std": 1907.8169114014295,
      "min": 86.0,
      "max": 21481.0,
      "unit": "ms"
    },
    "NLT": {
      "mean": 846315.5,
      "std": 217143.38480022826,
      "min": 492854.0,
      "max": 1276687.0,
      "unit": "ms"
    },
    "PRR": {
      "mean": 0.3602984600357106,
      "std": 0.10586835710114596,
      "min": 0.1427182105519086,
      "max": 0.4796385927861897,
      "unit": "ratio"
    }
  }
}