{
  "runs": {
    "total": 10,
    "valid": 10
  },
  "metrics": {
    "Delay": {
      "mean": 2776.766666666667,
      "std": 1770.43786974178,
      "min": 29.0,
      "max": 11120.0,
      "unit": "ms"
    },
    "NLT": {
      "mean": 872234.5,
      "std": 222698.25530237597,
      "min": 492854.0,
      "max": 1200741.0,
      "unit": "ms"
    },
    "PRR": {
      "mean": 0.37968789984892515,
      "std": 0.06617473578161426,
      "min": 0.28117618910313436,
      "max": 0.5011461501228344,
      "unit": "ratio"
    }
  }
}