{
  "runs": {
    "total": 10,
    "valid": 10
  },
  "metrics": {
    "Delay": {
      "mean": 2515.9830508474574,
      "std": 1586.3777020729142,
      "min": 68.0,
      "max": 8623.0,
      "unit": "ms"
    },
    "NLT": {
      "mean": 468202.1,
      "std": 117672.3856744743,
      "min": 249410.0,
      "max": 652984.0,
      "unit": "ms"
    },
    "PRR": {
      "mean": 0.5922417234655551,
      "std": 0.10162709960081637,
      "min": 0.42901591709737974,
      "max": 0.7218730565209438,
      "unit": "ratio"
    }
  }
}