{
  "runs": {
    "total": 10,
    "valid": 10
  },
  "metrics": {
    "Delay": {
      "mean": 2731.6524317912217,
      "std": 1825.7387549648658,
      "min": 107.0,
      "max": 11916.0,
      "unit": "ms"
    },
    "NLT": {
      "mean": 846315.5,
      "std": 217143.38480022826,
      "min": 492854.0,
      "max": 1276687.0,
      "unit": "ms"
    },
    "PRR": {
      "mean": 0.37183604435900625,
      "std": 0.08718326259947029,
      "min": 0.2139939695913436,
      "max": 0.47866016819571866,
      "unit": "ratio"
    }
  }
}