{
  "generation": 3,
  "mask_id": "re-qo-hc__0001011",
  "mask_label": "re-qo-hc",
  "selected_features": [
    "re",
    "qo",
    "hc"
  ],
  "fitness": 0.6106163903321227,
  "detail": {
    "mu": 0.6106163903321227,
    "sigma": 0.0,
    "prr_penalty": 0.0,
    "missing_penalty": 0.0,
    "missing_fraction": 0.0,
    "score_mean": 0.6106163903321227,
    "prr_mean": 0.37794718720736403,
    "nlt_mean": 870521.5,
    "delay_mean": 2740.8052256532064,
    "runs_total_mean": 10.0,
    "runs_valid_mean": 10.0,
    "expected_runs_per_scenario": 10,
    "scenario_coverage_mean": 1.0,
    "expected_scenarios": 1,
    "found_scenarios": 1
  },
  "scenarios": [
    {
      "nodes": 100,
      "ppm": 120,
      "prr": 0.37794718720736403,
      "nlt": 870521.5,
      "delay": 2740.8052256532064,
      "runs_total": 10,
      "runs_valid": 10,
      "path": "/workspace/testbed/logs/runs/gen_003/logs/N100_PPM120/re-qo-hc__0001011/aggregated_results.json"
    }
  ]
}