{
  "runs": {
    "total": 10,
    "valid": 10
  },
  "metrics": {
    "Delay": {
      "mean": 3059.8241626794256,
      "std": 2066.5543891453003,
      "min": 0.0,
      "max": 21481.0,
      "unit": "ms"
    },
    "NLT": {
      "mean": 868058.4,
      "std": 225474.12727810306,
      "min": 492854.0,
      "max": 1276687.0,
      "unit": "ms"
    },
    "PRR": {
      "mean": 0.36050784281443743,
      "std": 0.07710407362568908,
      "min": 0.2390240690465578,
      "max": 0.4628942345944476,
      "unit": "ratio"
    }
  }
}