{
  "runs": {
    "total": 10,
    "valid": 10
  },
  "metrics": {
    "Delay": {
      "mean": 2587.048101265823,
      "std": 1663.9707964298977,
      "min": 86.0,
      "max": 8196.0,
      "unit": "ms"
    },
    "NLT": {
      "mean": 706810.8,
      "std": 143571.7586240414,
      "min": 407021.0,
      "max": 870410.0,
      "unit": "ms"
    },
    "PRR": {
      "mean": 0.5296546474485749,
      "std": 0.08532843852597528,
      "min": 0.3900102411321106,
      "max": 0.6431202640394575,
      "unit": "ratio"
    }
  }
}