{
  "runs": {
    "total": 10,
    "valid": 10
  },
  "metrics": {
    "Delay": {
      "mean": 2819.854033290653,
      "std": 1778.8369663983763,
      "min": 105.0,
      "max": 11014.0,
      "unit": "ms"
    },
    "NLT": {
      "mean": 716751.6,
      "std": 149848.33686631292,
      "min": 502932.0,
      "max": 872064.0,
      "unit": "ms"
    },
    "PRR": {
      "mean": 0.46463411620271516,
      "std": 0.08975580372597883,
      "min": 0.3219165359531082,
      "max": 0.5828630094571765,
      "unit": "ratio"
    }
  }
}