{
  "runs": {
    "total": 10,
    "valid": 10
  },
  "metrics": {
    "Delay": {
      "mean": 2982.072532699168,
      "std": 1949.9439456459552,
      "min": 98.0,
      "max": 15017.0,
      "unit": "ms"
    },
    "NLT": {
      "mean": 798567.7,
      "std": 185786.1279733889,
      "min": 499169.0,
      "max": 1033638.0,
      "unit": "ms"
    },
    "PRR": {
      "mean": 0.355904432400696,
      "std": 0.06381208158016219,
      "min": 0.26729905672910853,
      "max": 0.47011727305158296,
      "unit": "ratio"
    }
  }
}