{
  "runs": {
    "total": 10,
    "valid": 10
  },
  "metrics": {
    "Delay": {
      "mean": 2799.2019002375296,
      "std": 1915.3424016786669,
      "min": 114.0,
      "max": 19392.0,
      "unit": "ms"
    },
    "NLT": {
      "mean": 806240.5,
      "std": 233122.87995401814,
      "min": 499169.0,
      "max": 1257796.0,
      "unit": "ms"
    },
    "PRR": {
      "mean": 0.360450693374421,
      "std": 0.08600620892749518,
      "min": 0.16574309526259315,
      "max": 0.4557384079786071,
      "unit": "ratio"
    }
  }
}