{
  "runs": {
    "total": 10,
    "valid": 10
  },
  "metrics": {
    "Delay": {
      "mean": 2496.7237288135593,
      "std": 1642.7312043644035,
      "min": 68.0,
      "max": 8623.0,
      "unit": "ms"
    },
    "NLT": {
      "mean": 468202.1,
      "std": 117672.3856744743,
      "min": 249410.0,
      "max": 652984.0,
      "unit": "ms"
    },
    "PRR": {
      "mean": 0.5959551080223194,
      "std": 0.1054982593834929,
      "min": 0.42899206665552314,
      "max": 0.7255703324054846,
      "unit": "ratio"
    }
  }
}