{
  "runs": {
    "total": 10,
    "valid": 10
  },
  "metrics": {
    "Delay": {
      "mean": 2520.3728813559323,
      "std": 1646.5267286605829,
      "min": 67.0,
      "max": 8623.0,
      "unit": "ms"
    },
    "NLT": {
      "mean": 468202.1,
      "std": 117672.3856744743,
      "min": 249410.0,
      "max": 652984.0,
      "unit": "ms"
    },
    "PRR": {
      "mean": 0.5932510110018325,
      "std": 0.10873833993387017,
      "min": 0.42901591709737974,
      "max": 0.721495354689218,
      "unit": "ratio"
    }
  }
}