{
  "runs": {
    "total": 10,
    "valid": 10
  },
  "metrics": {
    "Delay": {
      "mean": 3505.3248484848486,
      "std": 2368.1169152815246,
      "min": 6.0,
      "max": 15815.0,
      "unit": "ms"
    },
    "NLT": {
      "mean": 865984.1,
      "std": 183788.70488353376,
      "min": 655853.0,
      "max": 1276687.0,
      "unit": "ms"
    },
    "PRR": {
      "mean": 0.31130352461690974,
      "std": 0.09965141796392044,
      "min": 0.13585194090102926,
      "max": 0.4490247447302889,
      "unit": "ratio"
    }
  }
}