{
  "runs": {
    "total": 10,
    "valid": 10
  },
  "metrics": {
    "Delay": {
      "mean": 2674.497635933806,
      "std": 1836.173527494427,
      "min": 164.0,
      "max": 12232.0,
      "unit": "ms"
    },
    "NLT": {
      "mean": 781520.9,
      "std": 286585.3608490652,
      "min": 236394.0,
      "max": 1366256.0,
      "unit": "ms"
    },
    "PRR": {
      "mean": 0.38853044033400475,
      "std": 0.06585306136166415,
      "min": 0.22683556845122252,
      "max": 0.478817305464809,
      "unit": "ratio"
    }
  }
}