{
  "runs": {
    "total": 10,
    "valid": 10
  },
  "metrics": {
    "Delay": {
      "mean": 2447.206611570248,
      "std": 1593.2187734577067,
      "min": 89.0,
      "max": 11760.0,
      "unit": "ms"
    },
    "NLT": {
      "mean": 878083.8,
      "std": 217122.68117193304,
      "min": 632541.0,
      "max": 1208139.0,
      "unit": "ms"
    },
    "PRR": {
      "mean": 0.39544301949375604,
      "std": 0.0534040559874837,
      "min": 0.3029986287051332,
      "max": 0.4703234849034794,
      "unit": "ratio"
    }
  }
}