{
  "runs": {
    "total": 10,
    "valid": 10
  },
  "metrics": {
    "Delay": {
      "mean": 2373.1406779661015,
      "std": 1544.2452474431684,
      "min": 22.0,
      "max": 8606.0,
      "unit": "ms"
    },
    "NLT": {
      "mean": 474716.7,
      "std": 131535.66253052608,
      "min": 290609.0,
      "max": 738744.0,
      "unit": "ms"
    },
    "PRR": {
      "mean": 0.6087113039363026,
      "std": 0.14396487911092323,
      "min": 0.327210593763349,
      "max": 0.7852647363196689,
      "unit": "ratio"
    }
  }
}