{
  "runs": {
    "total": 10,
    "valid": 10
  },
  "metrics": {
    "Delay": {
      "mean": 2849.5980975029725,
      "std": 1782.974015032774,
      "min": 77.0,
      "max": 11599.0,
      "unit": "ms"
    },
    "NLT": {
      "mean": 776434.2,
      "std": 178575.39867070157,
      "min": 492854.0,
      "max": 994865.0,
      "unit": "ms"
    },
    "PRR": {
      "mean": 0.36284577450007477,
      "std": 0.09728074396513497,
      "min": 0.20784887832753401,
      "max": 0.488906308252636,
      "unit": "ratio"
    }
  }
}