{
  "runs": {
    "total": 10,
    "valid": 10
  },
  "metrics": {
    "Delay": {
      "mean": 2869.111253196931,
      "std": 1843.8996529064266,
      "min": 105.0,
      "max": 11014.0,
      "unit": "ms"
    },
    "NLT": {
      "mean": 716751.6,
      "std": 149848.33686631292,
      "min": 502932.0,
      "max": 872064.0,
      "unit": "ms"
    },
    "PRR": {
      "mean": 0.4640558772889996,
      "std": 0.08703373507670822,
      "min": 0.3219165359531082,
      "max": 0.570678062988268,
      "unit": "ratio"
    }
  }
}