{
  "runs": {
    "total": 10,
    "valid": 10
  },
  "metrics": {
    "Delay": {
      "mean": 2879.065476190476,
      "std": 1901.6562831039953,
      "min": 135.0,
      "max": 13805.0,
      "unit": "ms"
    },
    "NLT": {
      "mean": 859227.8,
      "std": 219546.77336822785,
      "min": 492854.0,
      "max": 1276687.0,
      "unit": "ms"
    },
    "PRR": {
      "mean": 0.36135010053117783,
      "std": 0.09082397071397427,
      "min": 0.23100502435351783,
      "max": 0.46898360531560834,
      "unit": "ratio"
    }
  }
}