{
  "runs": {
    "total": 10,
    "valid": 10
  },
  "metrics": {
    "Delay": {
      "mean": 2657.768047337278,
      "std": 1749.848288121651,
      "min": 163.0,
      "max": 12232.0,
      "unit": "ms"
    },
    "NLT": {
      "mean": 778056.0,
      "std": 284530.1104355116,
      "min": 236394.0,
      "max": 1366256.0,
      "unit": "ms"
    },
    "PRR": {
      "mean": 0.37891435768907533,
      "std": 0.07843635999160047,
      "min": 0.23709148389646315,
      "max": 0.5047696201560792,
      "unit": "ratio"
    }
  }
}