{
  "runs": {
    "total": 10,
    "valid": 10
  },
  "metrics": {
    "Delay": {
      "mean": 2527.8101265822784,
      "std": 1669.0195643274274,
      "min": 23.0,
      "max": 9985.0,
      "unit": "ms"
    },
    "NLT": {
      "mean": 706810.8,
      "std": 143571.7586240414,
      "min": 407021.0,
      "max": 870410.0,
      "unit": "ms"
    },
    "PRR": {
      "mean": 0.5238606326757419,
      "std": 0.0848990439907665,
      "min": 0.36383844963765166,
      "max": 0.6232292507294059,
      "unit": "ratio"
    }
  }
}