{
  "runs": {
    "total": 10,
    "valid": 10
  },
  "metrics": {
    "Delay": {
      "mean": 2514.6679340937894,
      "std": 1609.0698242267085,
      "min": 83.0,
      "max": 8609.0,
      "unit": "ms"
    },
    "NLT": {
      "mean": 710501.3,
      "std": 144774.38014376408,
      "min": 407021.0,
      "max": 870410.0,
      "unit": "ms"
    },
    "PRR": {
      "mean": 0.5209967904070005,
      "std": 0.0965352172737786,
      "min": 0.362553642384106,
      "max": 0.636481417501604,
      "unit": "ratio"
    }
  }
}