{
  "runs": {
    "total": 10,
    "valid": 10
  },
  "metrics": {
    "E2E": {
      "mean": 2820.048044692737,
      "std": 1878.908941021649,
      "min": 35.0,
      "max": 20260.0,
      "unit": "ms"
    },
    "NLT": {
      "mean": 833819.7,
      "std": 160950.57345246637,
      "min": 609722.0,
      "max": 1041076.0,
      "unit": "ms"
    },
    "QLR": {
      "mean": 0.2489754017903385,
      "std": 0.14157877713705316,
      "min": 0.0,
      "max": 0.7122262267812587,
      "unit": "ratio"
    },
    "PRR": {
      "mean": 0.39789346067054837,
      "std": 0.06424881019775674,
      "min": 0.26049531401881726,
      "max": 0.4674799689343618,
      "unit": "ratio"
    }
  }
}