{
  "runs": {
    "total": 10,
    "valid": 10
  },
  "metrics": {
    "Delay": {
      "mean": 2953.8038049940546,
      "std": 1761.116702897227,
      "min": 146.0,
      "max": 11599.0,
      "unit": "ms"
    },
    "NLT": {
      "mean": 862485.3,
      "std": 225209.56717049616,
      "min": 492854.0,
      "max": 1276687.0,
      "unit": "ms"
    },
    "PRR": {
      "mean": 0.3404376002301102,
      "std": 0.10382099936168865,
      "min": 0.17425627669408328,
      "max": 0.4772749065106913,
      "unit": "ratio"
    }
  }
}