{
  "runs": {
    "total": 10,
    "valid": 10
  },
  "metrics": {
    "Delay": {
      "mean": 2829.192627824019,
      "std": 1992.248908954727,
      "min": 164.0,
      "max": 15164.0,
      "unit": "ms"
    },
    "NLT": {
      "mean": 778056.0,
      "std": 284530.1104355116,
      "min": 236394.0,
      "max": 1366256.0,
      "unit": "ms"
    },
    "PRR": {
      "mean": 0.3845654061480116,
      "std": 0.07723159638429078,
      "min": 0.25988599784320243,
      "max": 0.4992212212404696,
      "unit": "ratio"
    }
  }
}