{
  "mask_id": "re-qo__0001010",
  "mask_label": "re-qo",
  "bits": [
    0,
    0,
    0,
    1,
    0,
    1,
    0
  ],
  "selected_features": [
    "re",
    "qo"
  ],
  "fitness": 0.6041890578558652,
  "detail": {
    "mu": 0.6041890578558652,
    "sigma": 0.0,
    "prr_penalty": 0.0,
    "missing_penalty": 0.0,
    "missing_fraction": 0.0,
    "score_mean": 0.6041890578558652,
    "prr_mean": 0.35542770011655045,
    "nlt_mean": 862597.5,
    "delay_mean": 2791.510107015458,
    "runs_total_mean": 10.0,
    "runs_valid_mean": 10.0,
    "expected_runs_per_scenario": 10,
    "scenario_coverage_mean": 1.0,
    "expected_scenarios": 1,
    "found_scenarios": 1
  },
  "scenarios": [
    {
      "nodes": 100,
      "ppm": 120,
      "prr": 0.35542770011655045,
      "nlt": 862597.5,
      "delay": 2791.510107015458,
      "runs_total": 10,
      "runs_valid": 10,
      "path": "/workspace/testbed/logs/runs/gen_004/logs/N100_PPM120/re-qo__0001010/aggregated_results.json"
    }
  ],
  "generation_evaluated": 4
}