{
  "runs": {
    "total": 10,
    "valid": 10
  },
  "metrics": {
    "Delay": {
      "mean": 2498.330508474576,
      "std": 1622.5818578689057,
      "min": 68.0,
      "max": 8623.0,
      "unit": "ms"
    },
    "NLT": {
      "mean": 468202.1,
      "std": 117672.3856744743,
      "min": 249410.0,
      "max": 652984.0,
      "unit": "ms"
    },
    "PRR": {
      "mean": 0.58809592417047,
      "std": 0.11134962435467255,
      "min": 0.3959687293962513,
      "max": 0.7106600671029466,
      "unit": "ratio"
    }
  }
}