{
  "runs": {
    "total": 10,
    "valid": 10
  },
  "metrics": {
    "Delay": {
      "mean": 2676.097839898348,
      "std": 1797.462745782578,
      "min": 95.0,
      "max": 11788.0,
      "unit": "ms"
    },
    "NLT": {
      "mean": 724326.8,
      "std": 229114.52044085824,
      "min": 430937.0,
      "max": 1135499.0,
      "unit": "ms"
    },
    "PRR": {
      "mean": 0.5197972512505462,
      "std": 0.06999976309873968,
      "min": 0.40508038585209005,
      "max": 0.6029151490278561,
      "unit": "ratio"
    }
  }
}