{
  "runs": {
    "total": 10,
    "valid": 10
  },
  "metrics": {
    "Delay": {
      "mean": 2650.477707006369,
      "std": 1773.8375612492866,
      "min": 95.0,
      "max": 11788.0,
      "unit": "ms"
    },
    "NLT": {
      "mean": 724326.8,
      "std": 229114.52044085824,
      "min": 430937.0,
      "max": 1135499.0,
      "unit": "ms"
    },
    "PRR": {
      "mean": 0.5209367511609012,
      "std": 0.0737892070319049,
      "min": 0.39518458309001087,
      "max": 0.6032130224872847,
      "unit": "ratio"
    }
  }
}