{
  "runs": {
    "total": 10,
    "valid": 10
  },
  "metrics": {
    "Delay": {
      "mean": 3000.3412604042805,
      "std": 2055.001332133233,
      "min": 113.0,
      "max": 13274.0,
      "unit": "ms"
    },
    "NLT": {
      "mean": 815910.1,
      "std": 182743.60601761754,
      "min": 541306.0,
      "max": 1096007.0,
      "unit": "ms"
    },
    "PRR": {
      "mean": 0.3378542459390642,
      "std": 0.08131081934796991,
      "min": 0.20926817525276842,
      "max": 0.440351876463515,
      "unit": "ratio"
    }
  }
}