{
  "runs": {
    "total": 10,
    "valid": 10
  },
  "metrics": {
    "Delay": {
      "mean": 2815.4112038140643,
      "std": 1870.23789698802,
      "min": 126.0,
      "max": 12906.0,
      "unit": "ms"
    },
    "NLT": {
      "mean": 846315.5,
      "std": 217143.38480022826,
      "min": 492854.0,
      "max": 1276687.0,
      "unit": "ms"
    },
    "PRR": {
      "mean": 0.37746310496966057,
      "std": 0.08107425847111,
      "min": 0.23828849939075827,
      "max": 0.46345776561853164,
      "unit": "ratio"
    }
  }
}