{
  "runs": {
    "total": 10,
    "valid": 10
  },
  "metrics": {
    "Delay": {
      "mean": 3068.0,
      "std": 1935.7643054619837,
      "min": 119.0,
      "max": 16158.0,
      "unit": "ms"
    },
    "NLT": {
      "mean": 797672.9,
      "std": 295161.1589275143,
      "min": 317151.0,
      "max": 1436985.0,
      "unit": "ms"
    },
    "PRR": {
      "mean": 0.3586116514204167,
      "std": 0.09463769745853319,
      "min": 0.21209450716166167,
      "max": 0.47104660182056474,
      "unit": "ratio"
    }
  }
}