{
  "runs": {
    "total": 10,
    "valid": 10
  },
  "metrics": {
    "Delay": {
      "mean": 2429.7455830388694,
      "std": 1552.3529641450812,
      "min": 57.0,
      "max": 10976.0,
      "unit": "ms"
    },
    "NLT": {
      "mean": 862257.0,
      "std": 193496.11254894905,
      "min": 632541.0,
      "max": 1157949.0,
      "unit": "ms"
    },
    "PRR": {
      "mean": 0.3952847739301063,
      "std": 0.0615510427618094,
      "min": 0.27810531664199173,
      "max": 0.47039152244250937,
      "unit": "ratio"
    }
  }
}