{
  "runs": {
    "total": 10,
    "valid": 10
  },
  "metrics": {
    "Delay": {
      "mean": 3030.519526627219,
      "std": 1814.4361973818322,
      "min": 90.0,
      "max": 12068.0,
      "unit": "ms"
    },
    "NLT": {
      "mean": 888586.6,
      "std": 253336.34452649,
      "min": 492854.0,
      "max": 1276687.0,
      "unit": "ms"
    },
    "PRR": {
      "mean": 0.3443031507943397,
      "std": 0.09027594078396237,
      "min": 0.1892589606200905,
      "max": 0.44966325837609417,
      "unit": "ratio"
    }
  }
}