{
  "runs": {
    "total": 10,
    "valid": 10
  },
  "metrics": {
    "E2E": {
      "mean": 2703.8079911209766,
      "std": 1699.414923431154,
      "min": 136.0,
      "max": 10905.0,
      "unit": "ms"
    },
    "NLT": {
      "mean": 773705.9,
      "std": 215259.5723536535,
      "min": 317151.0,
      "max": 1079013.0,
      "unit": "ms"
    },
    "QLR": {
      "mean": 0.2592004274831446,
      "std": 0.14024227388233362,
      "min": 0.0,
      "max": 0.7120585427935094,
      "unit": "ratio"
    },
    "PRR": {
      "mean": 0.3616386389655843,
      "std": 0.10728574989421437,
      "min": 0.18215561828000848,
      "max": 0.47723698173273704,
      "unit": "ratio"
    }
  }
}