{
  "runs": {
    "total": 10,
    "valid": 10
  },
  "metrics": {
    "Delay": {
      "mean": 2603.9961832061067,
      "std": 1736.4154199999027,
      "min": 84.0,
      "max": 11788.0,
      "unit": "ms"
    },
    "NLT": {
      "mean": 724326.8,
      "std": 229114.52044085824,
      "min": 430937.0,
      "max": 1135499.0,
      "unit": "ms"
    },
    "PRR": {
      "mean": 0.521539732770266,
      "std": 0.08095182632438067,
      "min": 0.36163057537447324,
      "max": 0.6063267682881353,
      "unit": "ratio"
    }
  }
}