{
  "runs": {
    "total": 10,
    "valid": 10
  },
  "metrics": {
    "Delay": {
      "mean": 2927.470798569726,
      "std": 1851.9958759092642,
      "min": 146.0,
      "max": 16388.0,
      "unit": "ms"
    },
    "NLT": {
      "mean": 878072.3,
      "std": 236044.30183244558,
      "min": 492854.0,
      "max": 1276687.0,
      "unit": "ms"
    },
    "PRR": {
      "mean": 0.3728770355557437,
      "std": 0.09247737207862139,
      "min": 0.18177465414935276,
      "max": 0.48224287261793153,
      "unit": "ratio"
    }
  }
}