{
  "runs": {
    "total": 10,
    "valid": 10
  },
  "metrics": {
    "Delay": {
      "mean": 2709.479746835443,
      "std": 1824.7761211972545,
      "min": 49.0,
      "max": 12227.0,
      "unit": "ms"
    },
    "NLT": {
      "mean": 706810.8,
      "std": 143571.7586240414,
      "min": 407021.0,
      "max": 870410.0,
      "unit": "ms"
    },
    "PRR": {
      "mean": 0.5278144861251017,
      "std": 0.07606668696409215,
      "min": 0.416426877834304,
      "max": 0.6231165301028476,
      "unit": "ratio"
    }
  }
}