{
  "runs": {
    "total": 10,
    "valid": 10
  },
  "metrics": {
    "Delay": {
      "mean": 2319.7084745762713,
      "std": 1521.497369120451,
      "min": 22.0,
      "max": 8606.0,
      "unit": "ms"
    },
    "NLT": {
      "mean": 474716.7,
      "std": 131535.66253052608,
      "min": 290609.0,
      "max": 738744.0,
      "unit": "ms"
    },
    "PRR": {
      "mean": 0.6111523569700789,
      "std": 0.13773543777743374,
      "min": 0.3655116011389108,
      "max": 0.7849864662911368,
      "unit": "ratio"
    }
  }
}