{
  "runs": {
    "total": 10,
    "valid": 10
  },
  "metrics": {
    "Delay": {
      "mean": 3011.6312419974392,
      "std": 1979.655342250163,
      "min": 148.0,
      "max": 13336.0,
      "unit": "ms"
    },
    "NLT": {
      "mean": 722750.6,
      "std": 144284.22806714993,
      "min": 502932.0,
      "max": 898182.0,
      "unit": "ms"
    },
    "PRR": {
      "mean": 0.46077708443699533,
      "std": 0.08308378763444187,
      "min": 0.28502432458586624,
      "max": 0.5685099234809357,
      "unit": "ratio"
    }
  }
}