{
  "runs": {
    "total": 10,
    "valid": 10
  },
  "metrics": {
    "Delay": {
      "mean": 2841.856123662307,
      "std": 1864.162914909149,
      "min": 24.0,
      "max": 11916.0,
      "unit": "ms"
    },
    "NLT": {
      "mean": 846315.5,
      "std": 217143.38480022826,
      "min": 492854.0,
      "max": 1276687.0,
      "unit": "ms"
    },
    "PRR": {
      "mean": 0.37283827062485925,
      "std": 0.08346813601193113,
      "min": 0.24759979405172935,
      "max": 0.4796385927861897,
      "unit": "ratio"
    }
  }
}