{
  "runs": {
    "total": 10,
    "valid": 10
  },
  "metrics": {
    "Delay": {
      "mean": 2343.486440677966,
      "std": 1532.177266909801,
      "min": 22.0,
      "max": 8606.0,
      "unit": "ms"
    },
    "NLT": {
      "mean": 474716.7,
      "std": 131535.66253052608,
      "min": 290609.0,
      "max": 738744.0,
      "unit": "ms"
    },
    "PRR": {
      "mean": 0.6135702132379169,
      "std": 0.13651211742637034,
      "min": 0.3655116011389108,
      "max": 0.785216620217887,
      "unit": "ratio"
    }
  }
}