{
  "runs": {
    "total": 10,
    "valid": 10
  },
  "metrics": {
    "Delay": {
      "mean": 2521.1139240506327,
      "std": 1665.247142410552,
      "min": 17.0,
      "max": 10996.0,
      "unit": "ms"
    },
    "NLT": {
      "mean": 706810.8,
      "std": 143571.7586240414,
      "min": 407021.0,
      "max": 870410.0,
      "unit": "ms"
    },
    "PRR": {
      "mean": 0.5263401765139449,
      "std": 0.0927039223218577,
      "min": 0.36383844963765166,
      "max": 0.6397637541703701,
      "unit": "ratio"
    }
  }
}