{
  "runs": {
    "total": 10,
    "valid": 10
  },
  "metrics": {
    "E2E": {
      "mean": 2786.0914158305463,
      "std": 1875.0110316651371,
      "min": 68.0,
      "max": 16621.0,
      "unit": "ms"
    },
    "NLT": {
      "mean": 788228.4,
      "std": 176267.58748007088,
      "min": 499169.0,
      "max": 1070796.0,
      "unit": "ms"
    },
    "QLR": {
      "mean": 0.24956511628775008,
      "std": 0.1445924100135403,
      "min": 0.0,
      "max": 0.702638918686977,
      "unit": "ratio"
    },
    "PRR": {
      "mean": 0.3873048118829415,
      "std": 0.07691636511371137,
      "min": 0.22473199071527283,
      "max": 0.46909474114817007,
      "unit": "ratio"
    }
  }
}