{
  "runs": {
    "total": 10,
    "valid": 10
  },
  "metrics": {
    "Delay": {
      "mean": 2683.2295857988165,
      "std": 1756.2743025794389,
      "min": 163.0,
      "max": 12232.0,
      "unit": "ms"
    },
    "NLT": {
      "mean": 778056.0,
      "std": 284530.1104355116,
      "min": 236394.0,
      "max": 1366256.0,
      "unit": "ms"
    },
    "PRR": {
      "mean": 0.38317863027892435,
      "std": 0.06569725409739453,
      "min": 0.27470760694807855,
      "max": 0.5047696201560792,
      "unit": "ratio"
    }
  }
}