{
  "runs": {
    "total": 10,
    "valid": 10
  },
  "metrics": {
    "Delay": {
      "mean": 2924.698595146871,
      "std": 1945.9756377447877,
      "min": 105.0,
      "max": 18300.0,
      "unit": "ms"
    },
    "NLT": {
      "mean": 716751.6,
      "std": 149848.33686631292,
      "min": 502932.0,
      "max": 872064.0,
      "unit": "ms"
    },
    "PRR": {
      "mean": 0.44978248500091317,
      "std": 0.09093090343684733,
      "min": 0.30848509691397785,
      "max": 0.5511708310355067,
      "unit": "ratio"
    }
  }
}