{
  "runs": {
    "total": 10,
    "valid": 10
  },
  "metrics": {
    "Delay": {
      "mean": 2416.9776207302707,
      "std": 1582.2171863351841,
      "min": 99.0,
      "max": 11760.0,
      "unit": "ms"
    },
    "NLT": {
      "mean": 864747.4,
      "std": 197836.27506220614,
      "min": 632541.0,
      "max": 1182853.0,
      "unit": "ms"
    },
    "PRR": {
      "mean": 0.3910139029245698,
      "std": 0.06743673596178572,
      "min": 0.266250784393341,
      "max": 0.46909380872455153,
      "unit": "ratio"
    }
  }
}