{
  "runs": {
    "total": 10,
    "valid": 10
  },
  "metrics": {
    "Delay": {
      "mean": 2752.0142180094786,
      "std": 1802.4224255248425,
      "min": 60.0,
      "max": 11916.0,
      "unit": "ms"
    },
    "NLT": {
      "mean": 846315.5,
      "std": 217143.38480022826,
      "min": 492854.0,
      "max": 1276687.0,
      "unit": "ms"
    },
    "PRR": {
      "mean": 0.36274712176185847,
      "std": 0.09834434886598542,
      "min": 0.18873546438962935,
      "max": 0.4796385927861897,
      "unit": "ratio"
    }
  }
}