{
  "runs": {
    "total": 10,
    "valid": 10
  },
  "metrics": {
    "Delay": {
      "mean": 2917.5187096774193,
      "std": 1816.4918568474686,
      "min": 108.0,
      "max": 11014.0,
      "unit": "ms"
    },
    "NLT": {
      "mean": 739547.0,
      "std": 130496.64630088306,
      "min": 538896.0,
      "max": 878464.0,
      "unit": "ms"
    },
    "PRR": {
      "mean": 0.46510178316013523,
      "std": 0.09972926277986445,
      "min": 0.33069172331067576,
      "max": 0.5823777174634706,
      "unit": "ratio"
    }
  }
}