{
  "runs": {
    "total": 10,
    "valid": 10
  },
  "metrics": {
    "Delay": {
      "mean": 2804.6369047619046,
      "std": 1843.074382084847,
      "min": 116.0,
      "max": 14389.0,
      "unit": "ms"
    },
    "NLT": {
      "mean": 846315.5,
      "std": 217143.38480022826,
      "min": 492854.0,
      "max": 1276687.0,
      "unit": "ms"
    },
    "PRR": {
      "mean": 0.35503517425951336,
      "std": 0.10686315306617399,
      "min": 0.14663518892921276,
      "max": 0.4778517909706029,
      "unit": "ratio"
    }
  }
}