{
  "runs": {
    "total": 10,
    "valid": 10
  },
  "metrics": {
    "Delay": {
      "mean": 2933.243757431629,
      "std": 1934.8299860802729,
      "min": 176.0,
      "max": 15608.0,
      "unit": "ms"
    },
    "NLT": {
      "mean": 846315.5,
      "std": 217143.38480022826,
      "min": 492854.0,
      "max": 1276687.0,
      "unit": "ms"
    },
    "PRR": {
      "mean": 0.36060671371535696,
      "std": 0.07646480125805047,
      "min": 0.240097207838151,
      "max": 0.4641642753252879,
      "unit": "ratio"
    }
  }
}