{
  "runs": {
    "total": 10,
    "valid": 10
  },
  "metrics": {
    "Delay": {
      "mean": 2344.1322033898305,
      "std": 1530.584782154148,
      "min": 22.0,
      "max": 8606.0,
      "unit": "ms"
    },
    "NLT": {
      "mean": 474716.7,
      "std": 131535.66253052608,
      "min": 290609.0,
      "max": 738744.0,
      "unit": "ms"
    },
    "PRR": {
      "mean": 0.6126890328773312,
      "std": 0.13616925097328017,
      "min": 0.3655116011389108,
      "max": 0.7856864336224431,
      "unit": "ratio"
    }
  }
}