{
  "runs": {
    "total": 10,
    "valid": 10
  },
  "metrics": {
    "Delay": {
      "mean": 2722.9083333333333,
      "std": 1803.6665999415018,
      "min": 68.0,
      "max": 17508.0,
      "unit": "ms"
    },
    "NLT": {
      "mean": 775839.4,
      "std": 181216.00466674508,
      "min": 499169.0,
      "max": 1033638.0,
      "unit": "ms"
    },
    "PRR": {
      "mean": 0.35718558781695287,
      "std": 0.07347258563723394,
      "min": 0.1991364806518963,
      "max": 0.43108689221112745,
      "unit": "ratio"
    }
  }
}