{
  "runs": {
    "total": 10,
    "valid": 10
  },
  "metrics": {
    "E2E": {
      "mean": 3179.150837988827,
      "std": 2257.5188555719133,
      "min": 122.0,
      "max": 20808.0,
      "unit": "ms"
    },
    "NLT": {
      "mean": 840087.1,
      "std": 164904.40182147958,
      "min": 609722.0,
      "max": 1041076.0,
      "unit": "ms"
    },
    "QLR": {
      "mean": 0.2473109743492591,
      "std": 0.14243953246032992,
      "min": 0.0,
      "max": 0.7309394360854723,
      "unit": "ratio"
    },
    "PRR": {
      "mean": 0.38336566582776016,
      "std": 0.0807947919873492,
      "min": 0.21889598685581863,
      "max": 0.47003907272138623,
      "unit": "ratio"
    }
  }
}