{
  "runs": {
    "total": 10,
    "valid": 10
  },
  "metrics": {
    "Delay": {
      "mean": 2745.44128113879,
      "std": 1827.9224477185612,
      "min": 118.0,
      "max": 11916.0,
      "unit": "ms"
    },
    "NLT": {
      "mean": 846315.5,
      "std": 217143.38480022826,
      "min": 492854.0,
      "max": 1276687.0,
      "unit": "ms"
    },
    "PRR": {
      "mean": 0.3596618734388174,
      "std": 0.10661329529454228,
      "min": 0.1700009656153164,
      "max": 0.4796385927861897,
      "unit": "ratio"
    }
  }
}