{
  "runs": {
    "total": 10,
    "valid": 10
  },
  "metrics": {
    "Delay": {
      "mean": 2713.1770700636944,
      "std": 1817.841381628018,
      "min": 139.0,
      "max": 11788.0,
      "unit": "ms"
    },
    "NLT": {
      "mean": 724326.8,
      "std": 229114.52044085824,
      "min": 430937.0,
      "max": 1135499.0,
      "unit": "ms"
    },
    "PRR": {
      "mean": 0.5198713542074875,
      "std": 0.07422907160233254,
      "min": 0.38855794364189084,
      "max": 0.6068186892042736,
      "unit": "ratio"
    }
  }
}