{
  "runs": {
    "total": 10,
    "valid": 10
  },
  "metrics": {
    "Delay": {
      "mean": 2333.752542372881,
      "std": 1525.933406277124,
      "min": 22.0,
      "max": 8606.0,
      "unit": "ms"
    },
    "NLT": {
      "mean": 474716.7,
      "std": 131535.66253052608,
      "min": 290609.0,
      "max": 738744.0,
      "unit": "ms"
    },
    "PRR": {
      "mean": 0.6130519002365392,
      "std": 0.1355534350540529,
      "min": 0.36538111972855064,
      "max": 0.7828894354036942,
      "unit": "ratio"
    }
  }
}