{
  "runs": {
    "total": 10,
    "valid": 10
  },
  "metrics": {
    "Delay": {
      "mean": 2502.2237288135593,
      "std": 1615.3414659842072,
      "min": 67.0,
      "max": 8623.0,
      "unit": "ms"
    },
    "NLT": {
      "mean": 468202.1,
      "std": 117672.3856744743,
      "min": 249410.0,
      "max": 652984.0,
      "unit": "ms"
    },
    "PRR": {
      "mean": 0.5952377255116676,
      "std": 0.10427261976871657,
      "min": 0.4287201233616037,
      "max": 0.7180945298659259,
      "unit": "ratio"
    }
  }
}