{
  "runs": {
    "total": 10,
    "valid": 10
  },
  "metrics": {
    "Delay": {
      "mean": 2431.747641509434,
      "std": 1555.6640025334436,
      "min": 101.0,
      "max": 10976.0,
      "unit": "ms"
    },
    "NLT": {
      "mean": 864747.4,
      "std": 197836.27506220614,
      "min": 632541.0,
      "max": 1182853.0,
      "unit": "ms"
    },
    "PRR": {
      "mean": 0.39234896464171554,
      "std": 0.05983813960294936,
      "min": 0.29268415911617096,
      "max": 0.4699158987205869,
      "unit": "ratio"
    }
  }
}