{
  "runs": {
    "total": 10,
    "valid": 10
  },
  "metrics": {
    "Delay": {
      "mean": 2720.4855687606114,
      "std": 1694.44538170373,
      "min": 106.0,
      "max": 9434.0,
      "unit": "ms"
    },
    "NLT": {
      "mean": 476296.1,
      "std": 129715.50363815422,
      "min": 327605.0,
      "max": 737781.0,
      "unit": "ms"
    },
    "PRR": {
      "mean": 0.5567075577532493,
      "std": 0.14746582755379722,
      "min": 0.291716113123218,
      "max": 0.7225769524294072,
      "unit": "ratio"
    }
  }
}