{
  "runs": {
    "total": 10,
    "valid": 10
  },
  "metrics": {
    "Delay": {
      "mean": 2716.2494089834518,
      "std": 1763.262510159329,
      "min": 54.0,
      "max": 11599.0,
      "unit": "ms"
    },
    "NLT": {
      "mean": 851998.4,
      "std": 217260.964824026,
      "min": 492854.0,
      "max": 1276687.0,
      "unit": "ms"
    },
    "PRR": {
      "mean": 0.37131632034350304,
      "std": 0.08024175914501361,
      "min": 0.2143917712121538,
      "max": 0.47450836381783684,
      "unit": "ratio"
    }
  }
}