{
  "runs": {
    "total": 10,
    "valid": 10
  },
  "metrics": {
    "Delay": {
      "mean": 2852.0856123662306,
      "std": 1844.7245644952727,
      "min": 4.0,
      "max": 11916.0,
      "unit": "ms"
    },
    "NLT": {
      "mean": 846315.5,
      "std": 217143.38480022826,
      "min": 492854.0,
      "max": 1276687.0,
      "unit": "ms"
    },
    "PRR": {
      "mean": 0.37006060896154386,
      "std": 0.08927229895779436,
      "min": 0.2056055019702716,
      "max": 0.4796385927861897,
      "unit": "ratio"
    }
  }
}