{
  "runs": {
    "total": 10,
    "valid": 10
  },
  "metrics": {
    "Delay": {
      "mean": 2875.1178571428572,
      "std": 1959.389567481139,
      "min": 101.0,
      "max": 14389.0,
      "unit": "ms"
    },
    "NLT": {
      "mean": 846315.5,
      "std": 217143.38480022826,
      "min": 492854.0,
      "max": 1276687.0,
      "unit": "ms"
    },
    "PRR": {
      "mean": 0.367991752703362,
      "std": 0.09547669454319099,
      "min": 0.17053861129136924,
      "max": 0.4796385927861897,
      "unit": "ratio"
    }
  }
}