{
  "runs": {
    "total": 10,
    "valid": 10
  },
  "metrics": {
    "E2E": {
      "mean": 2917.3583426651735,
      "std": 1902.599848393185,
      "min": 147.0,
      "max": 20260.0,
      "unit": "ms"
    },
    "NLT": {
      "mean": 835468.3,
      "std": 159179.6662712714,
      "min": 609722.0,
      "max": 1041076.0,
      "unit": "ms"
    },
    "QLR": {
      "mean": 0.250238266526842,
      "std": 0.14171981676996237,
      "min": 0.0,
      "max": 0.6884179215467559,
      "unit": "ratio"
    },
    "PRR": {
      "mean": 0.36398619500279517,
      "std": 0.11806604755166934,
      "min": 0.16148893657959001,
      "max": 0.47723698173273704,
      "unit": "ratio"
    }
  }
}