{
  "runs": {
    "total": 10,
    "valid": 10
  },
  "metrics": {
    "E2E": {
      "mean": 2968.93281075028,
      "std": 1847.6708371315422,
      "min": 50.0,
      "max": 11518.0,
      "unit": "ms"
    },
    "NLT": {
      "mean": 797486.6,
      "std": 183378.3880851588,
      "min": 499169.0,
      "max": 1081686.0,
      "unit": "ms"
    },
    "QLR": {
      "mean": 0.2458564049564216,
      "std": 0.14594800980396436,
      "min": 0.0,
      "max": 0.702638918686977,
      "unit": "ratio"
    },
    "PRR": {
      "mean": 0.38669855333512876,
      "std": 0.07006771504845204,
      "min": 0.2381926068478871,
      "max": 0.4529352293748096,
      "unit": "ratio"
    }
  }
}