{
  "runs": {
    "total": 10,
    "valid": 10
  },
  "metrics": {
    "Delay": {
      "mean": 2735.130177514793,
      "std": 1746.6604356160738,
      "min": 115.0,
      "max": 11599.0,
      "unit": "ms"
    },
    "NLT": {
      "mean": 846315.5,
      "std": 217143.38480022826,
      "min": 492854.0,
      "max": 1276687.0,
      "unit": "ms"
    },
    "PRR": {
      "mean": 0.3582049249957542,
      "std": 0.10221904062382098,
      "min": 0.16946137660252933,
      "max": 0.4796385927861897,
      "unit": "ratio"
    }
  }
}