{
  "runs": {
    "total": 10,
    "valid": 10
  },
  "metrics": {
    "Delay": {
      "mean": 2740.8052256532064,
      "std": 1804.0099053149468,
      "min": 91.0,
      "max": 16388.0,
      "unit": "ms"
    },
    "NLT": {
      "mean": 870521.5,
      "std": 227711.46652495224,
      "min": 492854.0,
      "max": 1276687.0,
      "unit": "ms"
    },
    "PRR": {
      "mean": 0.37794718720736403,
      "std": 0.07426306455621666,
      "min": 0.23080392110322565,
      "max": 0.47415279119546894,
      "unit": "ratio"
    }
  }
}