{
  "mask_id": "qo__0000010",
  "mask_label": "qo",
  "bits": [
    0,
    0,
    0,
    0,
    0,
    1,
    0
  ],
  "selected_features": [
    "qo"
  ],
  "fitness": 0.605327326967054,
  "detail": {
    "mu": 0.605327326967054,
    "sigma": 0.0,
    "prr_penalty": 0.0,
    "missing_penalty": 0.0,
    "missing_fraction": 0.0,
    "score_mean": 0.605327326967054,
    "prr_mean": 0.360450693374421,
    "nlt_mean": 806240.5,
    "delay_mean": 2799.2019002375296,
    "runs_total_mean": 10.0,
    "runs_valid_mean": 10.0,
    "expected_runs_per_scenario": 10,
    "scenario_coverage_mean": 1.0,
    "expected_scenarios": 1,
    "found_scenarios": 1
  },
  "scenarios": [
    {
      "nodes": 100,
      "ppm": 120,
      "prr": 0.360450693374421,
      "nlt": 806240.5,
      "delay": 2799.2019002375296,
      "runs_total": 10,
      "runs_valid": 10,
      "path": "/workspace/testbed/logs/runs/gen_001/logs/N100_PPM120/qo__0000010/aggregated_results.json"
    }
  ],
  "generation_evaluated": 1
}