{
  "runs": {
    "total": 10,
    "valid": 10
  },
  "metrics": {
    "Delay": {
      "mean": 2763.3214285714284,
      "std": 1750.3932749873538,
      "min": 31.0,
      "max": 12289.0,
      "unit": "ms"
    },
    "NLT": {
      "mean": 476296.1,
      "std": 129715.50363815422,
      "min": 327605.0,
      "max": 737781.0,
      "unit": "ms"
    },
    "PRR": {
      "mean": 0.5621830974296544,
      "std": 0.14168552973771414,
      "min": 0.2915493614969436,
      "max": 0.718698096125162,
      "unit": "ratio"
    }
  }
}