{
  "runs": {
    "total": 10,
    "valid": 10
  },
  "metrics": {
    "Delay": {
      "mean": 2839.4278903456498,
      "std": 1899.511829444534,
      "min": 87.0,
      "max": 12232.0,
      "unit": "ms"
    },
    "NLT": {
      "mean": 799464.0,
      "std": 304002.18406013685,
      "min": 236394.0,
      "max": 1366256.0,
      "unit": "ms"
    },
    "PRR": {
      "mean": 0.3751328784501144,
      "std": 0.09016215321781496,
      "min": 0.21245084436855025,
      "max": 0.5104770029421887,
      "unit": "ratio"
    }
  }
}