{
  "runs": {
    "total": 10,
    "valid": 10
  },
  "metrics": {
    "Delay": {
      "mean": 2362.6372881355933,
      "std": 1537.1303905838536,
      "min": 22.0,
      "max": 8606.0,
      "unit": "ms"
    },
    "NLT": {
      "mean": 474716.7,
      "std": 131535.66253052608,
      "min": 290609.0,
      "max": 738744.0,
      "unit": "ms"
    },
    "PRR": {
      "mean": 0.6115386732874295,
      "std": 0.14001956415434882,
      "min": 0.35265330188679245,
      "max": 0.7881698790431336,
      "unit": "ratio"
    }
  }
}