{
  "runs": {
    "total": 10,
    "valid": 10
  },
  "metrics": {
    "Delay": {
      "mean": 2905.2694763729246,
      "std": 1867.289238421272,
      "min": 105.0,
      "max": 11330.0,
      "unit": "ms"
    },
    "NLT": {
      "mean": 716751.6,
      "std": 149848.33686631292,
      "min": 502932.0,
      "max": 872064.0,
      "unit": "ms"
    },
    "PRR": {
      "mean": 0.46149205469409815,
      "std": 0.08778692180063152,
      "min": 0.3219165359531082,
      "max": 0.5811329502204875,
      "unit": "ratio"
    }
  }
}