{
  "runs": {
    "total": 10,
    "valid": 10
  },
  "metrics": {
    "E2E": {
      "mean": 2856.34375,
      "std": 1888.4170930856617,
      "min": 0.0,
      "max": 18034.0,
      "unit": "ms"
    },
    "NLT": {
      "mean": 795369.9,
      "std": 192568.7586173659,
      "min": 514583.0,
      "max": 1129742.0,
      "unit": "ms"
    },
    "QLR": {
      "mean": 0.25118023963213915,
      "std": 0.13816110498385387,
      "min": 0.0,
      "max": 0.7217210270645386,
      "unit": "ratio"
    },
    "PRR": {
      "mean": 0.3629016774037619,
      "std": 0.11048310477758444,
      "min": 0.14002538272388357,
      "max": 0.4808512359187048,
      "unit": "ratio"
    }
  }
}