{
  "runs": {
    "total": 10,
    "valid": 10
  },
  "metrics": {
    "Delay": {
      "mean": 2777.474554707379,
      "std": 1844.995711935049,
      "min": 123.0,
      "max": 11788.0,
      "unit": "ms"
    },
    "NLT": {
      "mean": 724617.0,
      "std": 229353.67069319915,
      "min": 430937.0,
      "max": 1135499.0,
      "unit": "ms"
    },
    "PRR": {
      "mean": 0.5063439890616046,
      "std": 0.07315473123117186,
      "min": 0.3669333459946664,
      "max": 0.5880116764675664,
      "unit": "ratio"
    }
  }
}