{
  "runs": {
    "total": 10,
    "valid": 10
  },
  "metrics": {
    "Delay": {
      "mean": 2791.510107015458,
      "std": 1782.0485517155632,
      "min": 40.0,
      "max": 11599.0,
      "unit": "ms"
    },
    "NLT": {
      "mean": 862597.5,
      "std": 221412.1402077783,
      "min": 492854.0,
      "max": 1276687.0,
      "unit": "ms"
    },
    "PRR": {
      "mean": 0.35542770011655045,
      "std": 0.1055570602837553,
      "min": 0.16720485074249158,
      "max": 0.4770984947256134,
      "unit": "ratio"
    }
  }
}