{
  "runs": {
    "total": 10,
    "valid": 10
  },
  "metrics": {
    "Delay": {
      "mean": 2993.2363420427555,
      "std": 1996.0102868873712,
      "min": 199.0,
      "max": 16388.0,
      "unit": "ms"
    },
    "NLT": {
      "mean": 846315.5,
      "std": 217143.38480022826,
      "min": 492854.0,
      "max": 1276687.0,
      "unit": "ms"
    },
    "PRR": {
      "mean": 0.3634716551427351,
      "std": 0.09873838102495566,
      "min": 0.2030916253975286,
      "max": 0.5008130682238155,
      "unit": "ratio"
    }
  }
}