{
  "runs": {
    "total": 10,
    "valid": 10
  },
  "metrics": {
    "Delay": {
      "mean": 2397.128813559322,
      "std": 1552.8848132238284,
      "min": 22.0,
      "max": 8606.0,
      "unit": "ms"
    },
    "NLT": {
      "mean": 474716.7,
      "std": 131535.66253052608,
      "min": 290609.0,
      "max": 738744.0,
      "unit": "ms"
    },
    "PRR": {
      "mean": 0.6092396331932991,
      "std": 0.1492325695246921,
      "min": 0.3134799329454689,
      "max": 0.7852779920365236,
      "unit": "ratio"
    }
  }
}