{
  "runs": {
    "total": 10,
    "valid": 10
  },
  "metrics": {
    "Delay": {
      "mean": 2964.5978520286394,
      "std": 2072.4830585671743,
      "min": 44.0,
      "max": 21481.0,
      "unit": "ms"
    },
    "NLT": {
      "mean": 846315.5,
      "std": 217143.38480022826,
      "min": 492854.0,
      "max": 1276687.0,
      "unit": "ms"
    },
    "PRR": {
      "mean": 0.3640798228015323,
      "std": 0.08722506777350848,
      "min": 0.21926679514184555,
      "max": 0.47513260087137715,
      "unit": "ratio"
    }
  }
}