{
  "runs": {
    "total": 10,
    "valid": 10
  },
  "metrics": {
    "Delay": {
      "mean": 2863.206197854589,
      "std": 1883.6027833645112,
      "min": 118.0,
      "max": 12733.0,
      "unit": "ms"
    },
    "NLT": {
      "mean": 846315.5,
      "std": 217143.38480022826,
      "min": 492854.0,
      "max": 1276687.0,
      "unit": "ms"
    },
    "PRR": {
      "mean": 0.3718338294521525,
      "std": 0.08754960116347871,
      "min": 0.22431165254022745,
      "max": 0.4796385927861897,
      "unit": "ratio"
    }
  }
}