{
  "runs": {
    "total": 10,
    "valid": 10
  },
  "metrics": {
    "E2E": {
      "mean": 2978.664810690423,
      "std": 1850.9737532245008,
      "min": 96.0,
      "max": 15413.0,
      "unit": "ms"
    },
    "NLT": {
      "mean": 771330.9,
      "std": 176123.0601006328,
      "min": 499169.0,
      "max": 1070796.0,
      "unit": "ms"
    },
    "QLR": {
      "mean": 0.25803007033809966,
      "std": 0.1440785120716308,
      "min": 0.0,
      "max": 0.7543654795393026,
      "unit": "ratio"
    },
    "PRR": {
      "mean": 0.3624099522974928,
      "std": 0.12096428198713563,
      "min": 0.12766637946789902,
      "max": 0.49513335360184707,
      "unit": "ratio"
    }
  }
}