{
  "runs": {
    "total": 10,
    "valid": 10
  },
  "metrics": {
    "Delay": {
      "mean": 2649.472010178117,
      "std": 1770.9751935468341,
      "min": 89.0,
      "max": 11788.0,
      "unit": "ms"
    },
    "NLT": {
      "mean": 724326.8,
      "std": 229114.52044085824,
      "min": 430937.0,
      "max": 1135499.0,
      "unit": "ms"
    },
    "PRR": {
      "mean": 0.5190496928395718,
      "std": 0.08452980739467629,
      "min": 0.3486443948961046,
      "max": 0.6129213085347432,
      "unit": "ratio"
    }
  }
}