{
  "runs": {
    "total": 10,
    "valid": 10
  },
  "metrics": {
    "Delay": {
      "mean": 2485.745882352941,
      "std": 1626.700696381264,
      "min": 113.0,
      "max": 11493.0,
      "unit": "ms"
    },
    "NLT": {
      "mean": 864747.4,
      "std": 197836.27506220614,
      "min": 632541.0,
      "max": 1182853.0,
      "unit": "ms"
    },
    "PRR": {
      "mean": 0.3910005926381436,
      "std": 0.06247913584690286,
      "min": 0.28266802983139966,
      "max": 0.46985760025076684,
      "unit": "ratio"
    }
  }
}