{
  "runs": {
    "total": 10,
    "valid": 10
  },
  "metrics": {
    "Delay": {
      "mean": 2350.0254237288136,
      "std": 1535.9582281005185,
      "min": 22.0,
      "max": 8606.0,
      "unit": "ms"
    },
    "NLT": {
      "mean": 474716.7,
      "std": 131535.66253052608,
      "min": 290609.0,
      "max": 738744.0,
      "unit": "ms"
    },
    "PRR": {
      "mean": 0.6119107942222441,
      "std": 0.13809805246497608,
      "min": 0.35686622682811087,
      "max": 0.7852647363196689,
      "unit": "ratio"
    }
  }
}