{
  "runs": {
    "total": 10,
    "valid": 10
  },
  "metrics": {
    "Delay": {
      "mean": 2746.040476190476,
      "std": 1828.0154393528212,
      "min": 87.0,
      "max": 13236.0,
      "unit": "ms"
    },
    "NLT": {
      "mean": 846315.5,
      "std": 217143.38480022826,
      "min": 492854.0,
      "max": 1276687.0,
      "unit": "ms"
    },
    "PRR": {
      "mean": 0.3678433032117953,
      "std": 0.09295081190425415,
      "min": 0.18290100798705067,
      "max": 0.48484122170263555,
      "unit": "ratio"
    }
  }
}