{
  "runs": {
    "total": 10,
    "valid": 10
  },
  "metrics": {
    "Delay": {
      "mean": 2656.791082802548,
      "std": 1811.2824966935848,
      "min": 95.0,
      "max": 11788.0,
      "unit": "ms"
    },
    "NLT": {
      "mean": 724326.8,
      "std": 229114.52044085824,
      "min": 430937.0,
      "max": 1135499.0,
      "unit": "ms"
    },
    "PRR": {
      "mean": 0.5252346612059686,
      "std": 0.0697896607368622,
      "min": 0.40644540644540644,
      "max": 0.6037416053725616,
      "unit": "ratio"
    }
  }
}