{
  "runs": {
    "total": 10,
    "valid": 10
  },
  "metrics": {
    "Delay": {
      "mean": 2810.6163895486934,
      "std": 1888.7312217294398,
      "min": 74.0,
      "max": 15608.0,
      "unit": "ms"
    },
    "NLT": {
      "mean": 872287.9,
      "std": 229465.3714743856,
      "min": 492854.0,
      "max": 1276687.0,
      "unit": "ms"
    },
    "PRR": {
      "mean": 0.37432446867751107,
      "std": 0.08440948173845911,
      "min": 0.2361068077635039,
      "max": 0.48106907416499434,
      "unit": "ratio"
    }
  }
}