{
  "runs": {
    "total": 10,
    "valid": 10
  },
  "metrics": {
    "Delay": {
      "mean": 2547.973417721519,
      "std": 1605.0062287177511,
      "min": 24.0,
      "max": 8678.0,
      "unit": "ms"
    },
    "NLT": {
      "mean": 706810.8,
      "std": 143571.7586240414,
      "min": 407021.0,
      "max": 870410.0,
      "unit": "ms"
    },
    "PRR": {
      "mean": 0.5190071519526932,
      "std": 0.09060052322188993,
      "min": 0.36383844963765166,
      "max": 0.6441535276317885,
      "unit": "ratio"
    }
  }
}