{
  "runs": {
    "total": 10,
    "valid": 10
  },
  "metrics": {
    "Delay": {
      "mean": 2800.814946619217,
      "std": 1911.158401604473,
      "min": 101.0,
      "max": 12733.0,
      "unit": "ms"
    },
    "NLT": {
      "mean": 846315.5,
      "std": 217143.38480022826,
      "min": 492854.0,
      "max": 1276687.0,
      "unit": "ms"
    },
    "PRR": {
      "mean": 0.37075665421180143,
      "std": 0.08402175002334314,
      "min": 0.21943741184921728,
      "max": 0.48153189115358347,
      "unit": "ratio"
    }
  }
}