{
  "runs": {
    "total": 10,
    "valid": 10
  },
  "metrics": {
    "Delay": {
      "mean": 2781.1514792899407,
      "std": 1848.5981074340707,
      "min": 151.0,
      "max": 16710.0,
      "unit": "ms"
    },
    "NLT": {
      "mean": 778056.0,
      "std": 284530.1104355116,
      "min": 236394.0,
      "max": 1366256.0,
      "unit": "ms"
    },
    "PRR": {
      "mean": 0.37867057433542795,
      "std": 0.06636658681163701,
      "min": 0.25591548801460007,
      "max": 0.4722639520019408,
      "unit": "ratio"
    }
  }
}