{
  "runs": {
    "total": 10,
    "valid": 10
  },
  "metrics": {
    "Delay": {
      "mean": 2463.593220338983,
      "std": 1611.6754974101518,
      "min": 68.0,
      "max": 8623.0,
      "unit": "ms"
    },
    "NLT": {
      "mean": 468202.1,
      "std": 117672.3856744743,
      "min": 249410.0,
      "max": 652984.0,
      "unit": "ms"
    },
    "PRR": {
      "mean": 0.5953857077944477,
      "std": 0.10529186238600444,
      "min": 0.4290361988040892,
      "max": 0.7263491643126178,
      "unit": "ratio"
    }
  }
}