{
  "runs": {
    "total": 10,
    "valid": 10
  },
  "metrics": {
    "Delay": {
      "mean": 2662.020330368488,
      "std": 1769.7884786403529,
      "min": 157.0,
      "max": 11788.0,
      "unit": "ms"
    },
    "NLT": {
      "mean": 724326.8,
      "std": 229114.52044085824,
      "min": 430937.0,
      "max": 1135499.0,
      "unit": "ms"
    },
    "PRR": {
      "mean": 0.5246594128117519,
      "std": 0.07162401182346584,
      "min": 0.40508038585209005,
      "max": 0.6045992488129828,
      "unit": "ratio"
    }
  }
}