{
  "runs": {
    "total": 10,
    "valid": 10
  },
  "metrics": {
    "Delay": {
      "mean": 2895.594755661502,
      "std": 1844.6216634867014,
      "min": 78.0,
      "max": 11599.0,
      "unit": "ms"
    },
    "NLT": {
      "mean": 865430.2,
      "std": 223361.8110529292,
      "min": 492854.0,
      "max": 1276687.0,
      "unit": "ms"
    },
    "PRR": {
      "mean": 0.35310694415933896,
      "std": 0.10696366138985412,
      "min": 0.16428690591848952,
      "max": 0.4645764328129247,
      "unit": "ratio"
    }
  }
}