{
  "runs": {
    "total": 10,
    "valid": 10
  },
  "metrics": {
    "Delay": {
      "mean": 2523.727848101266,
      "std": 1611.825583505947,
      "min": 24.0,
      "max": 8256.0,
      "unit": "ms"
    },
    "NLT": {
      "mean": 706810.8,
      "std": 143571.7586240414,
      "min": 407021.0,
      "max": 870410.0,
      "unit": "ms"
    },
    "PRR": {
      "mean": 0.5246872130620253,
      "std": 0.0857092985727286,
      "min": 0.36383844963765166,
      "max": 0.6426688066032328,
      "unit": "ratio"
    }
  }
}