{
  "runs": {
    "total": 10,
    "valid": 10
  },
  "metrics": {
    "Delay": {
      "mean": 2524.1227848101266,
      "std": 1619.0202881361754,
      "min": 24.0,
      "max": 8609.0,
      "unit": "ms"
    },
    "NLT": {
      "mean": 705986.1,
      "std": 143431.50023420007,
      "min": 407021.0,
      "max": 870410.0,
      "unit": "ms"
    },
    "PRR": {
      "mean": 0.5240684657636528,
      "std": 0.09192308923313137,
      "min": 0.36383844963765166,
      "max": 0.6374632918472941,
      "unit": "ratio"
    }
  }
}