{
  "runs": {
    "total": 10,
    "valid": 10
  },
  "metrics": {
    "Delay": {
      "mean": 2602.6810126582277,
      "std": 1652.0490919765734,
      "min": 83.0,
      "max": 8418.0,
      "unit": "ms"
    },
    "NLT": {
      "mean": 706810.8,
      "std": 143571.7586240414,
      "min": 407021.0,
      "max": 870410.0,
      "unit": "ms"
    },
    "PRR": {
      "mean": 0.5158995326740362,
      "std": 0.0962236418008936,
      "min": 0.3448510699308219,
      "max": 0.6443783335010567,
      "unit": "ratio"
    }
  }
}