{
  "runs": {
    "total": 10,
    "valid": 10
  },
  "metrics": {
    "Delay": {
      "mean": 2521.5594936708862,
      "std": 1624.952358745447,
      "min": 24.0,
      "max": 11291.0,
      "unit": "ms"
    },
    "NLT": {
      "mean": 706810.8,
      "std": 143571.7586240414,
      "min": 407021.0,
      "max": 870410.0,
      "unit": "ms"
    },
    "PRR": {
      "mean": 0.525084131529284,
      "std": 0.08663471246886126,
      "min": 0.36383844963765166,
      "max": 0.6441535276317885,
      "unit": "ratio"
    }
  }
}