{
  "runs": {
    "total": 10,
    "valid": 10
  },
  "metrics": {
    "Delay": {
      "mean": 3048.704761904762,
      "std": 1935.0104855012912,
      "min": 129.0,
      "max": 13805.0,
      "unit": "ms"
    },
    "NLT": {
      "mean": 822520.2,
      "std": 219485.74000138495,
      "min": 492854.0,
      "max": 1276687.0,
      "unit": "ms"
    },
    "PRR": {
      "mean": 0.3548943658483294,
      "std": 0.10173240045728064,
      "min": 0.18318573334950866,
      "max": 0.5090941426415312,
      "unit": "ratio"
    }
  }
}