{
  "runs": {
    "total": 10,
    "valid": 10
  },
  "metrics": {
    "Delay": {
      "mean": 2787.697619047619,
      "std": 1915.481679835893,
      "min": 133.0,
      "max": 21481.0,
      "unit": "ms"
    },
    "NLT": {
      "mean": 846315.5,
      "std": 217143.38480022826,
      "min": 492854.0,
      "max": 1276687.0,
      "unit": "ms"
    },
    "PRR": {
      "mean": 0.37600903964429994,
      "std": 0.08766335249260332,
      "min": 0.1904317416912074,
      "max": 0.5077380756559623,
      "unit": "ratio"
    }
  }
}