{
  "runs": {
    "total": 10,
    "valid": 10
  },
  "metrics": {
    "Delay": {
      "mean": 2875.9338983050848,
      "std": 1833.530403144825,
      "min": 25.0,
      "max": 9434.0,
      "unit": "ms"
    },
    "NLT": {
      "mean": 476296.1,
      "std": 129715.50363815422,
      "min": 327605.0,
      "max": 737781.0,
      "unit": "ms"
    },
    "PRR": {
      "mean": 0.558863048187039,
      "std": 0.13059753809993518,
      "min": 0.30207051762940734,
      "max": 0.6723745683526305,
      "unit": "ratio"
    }
  }
}