{
  "runs": {
    "total": 10,
    "valid": 10
  },
  "metrics": {
    "Delay": {
      "mean": 2445.505896226415,
      "std": 1567.3481066222562,
      "min": 102.0,
      "max": 11760.0,
      "unit": "ms"
    },
    "NLT": {
      "mean": 891697.8,
      "std": 242859.91563716086,
      "min": 632541.0,
      "max": 1344279.0,
      "unit": "ms"
    },
    "PRR": {
      "mean": 0.38906066391700167,
      "std": 0.07151057540370097,
      "min": 0.2503929140168823,
      "max": 0.4519709605807884,
      "unit": "ratio"
    }
  }
}