{
  "runs": {
    "total": 10,
    "valid": 10
  },
  "metrics": {
    "Delay": {
      "mean": 2777.28231292517,
      "std": 1714.796795435403,
      "min": 65.0,
      "max": 9434.0,
      "unit": "ms"
    },
    "NLT": {
      "mean": 476296.1,
      "std": 129715.50363815422,
      "min": 327605.0,
      "max": 737781.0,
      "unit": "ms"
    },
    "PRR": {
      "mean": 0.5598451878119685,
      "std": 0.14318545105506336,
      "min": 0.2853273070130803,
      "max": 0.7198239432041297,
      "unit": "ratio"
    }
  }
}