{
  "runs": {
    "total": 10,
    "valid": 10
  },
  "metrics": {
    "Delay": {
      "mean": 2697.7843803056026,
      "std": 1709.9597648209829,
      "min": 106.0,
      "max": 9434.0,
      "unit": "ms"
    },
    "NLT": {
      "mean": 476296.1,
      "std": 129715.50363815422,
      "min": 327605.0,
      "max": 737781.0,
      "unit": "ms"
    },
    "PRR": {
      "mean": 0.5626130134186255,
      "std": 0.13202147694211389,
      "min": 0.3059821120915669,
      "max": 0.7041007007526603,
      "unit": "ratio"
    }
  }
}