{
  "runs": {
    "total": 10,
    "valid": 10
  },
  "metrics": {
    "Delay": {
      "mean": 2492.752542372881,
      "std": 1643.0745704087553,
      "min": 68.0,
      "max": 8623.0,
      "unit": "ms"
    },
    "NLT": {
      "mean": 468202.1,
      "std": 117672.3856744743,
      "min": 249410.0,
      "max": 652984.0,
      "unit": "ms"
    },
    "PRR": {
      "mean": 0.5962879023166171,
      "std": 0.10559550099462744,
      "min": 0.42901591709737974,
      "max": 0.7259101113703393,
      "unit": "ratio"
    }
  }
}