{
  "runs": {
    "total": 10,
    "valid": 10
  },
  "metrics": {
    "Delay": {
      "mean": 2496.8847457627116,
      "std": 1612.316866405486,
      "min": 68.0,
      "max": 8623.0,
      "unit": "ms"
    },
    "NLT": {
      "mean": 468202.1,
      "std": 117672.3856744743,
      "min": 249410.0,
      "max": 652984.0,
      "unit": "ms"
    },
    "PRR": {
      "mean": 0.5849346221414462,
      "std": 0.11454256091548173,
      "min": 0.4167813710604362,
      "max": 0.7261207931143654,
      "unit": "ratio"
    }
  }
}