{
  "runs": {
    "total": 10,
    "valid": 10
  },
  "metrics": {
    "Delay": {
      "mean": 2828.8016627078387,
      "std": 1852.7915448782953,
      "min": 0.0,
      "max": 13405.0,
      "unit": "ms"
    },
    "NLT": {
      "mean": 846315.5,
      "std": 217143.38480022826,
      "min": 492854.0,
      "max": 1276687.0,
      "unit": "ms"
    },
    "PRR": {
      "mean": 0.3716468751584705,
      "std": 0.08524535472821371,
      "min": 0.2125360741228292,
      "max": 0.48014530397860694,
      "unit": "ratio"
    }
  }
}