{
  "runs": {
    "total": 10,
    "valid": 10
  },
  "metrics": {
    "Delay": {
      "mean": 2789.282996432818,
      "std": 1807.0947977106557,
      "min": 104.0,
      "max": 11599.0,
      "unit": "ms"
    },
    "NLT": {
      "mean": 846315.5,
      "std": 217143.38480022826,
      "min": 492854.0,
      "max": 1276687.0,
      "unit": "ms"
    },
    "PRR": {
      "mean": 0.3766991918980645,
      "std": 0.07767757649737903,
      "min": 0.24447386202236654,
      "max": 0.4796385927861897,
      "unit": "ratio"
    }
  }
}