{
  "runs": {
    "total": 10,
    "valid": 10
  },
  "metrics": {
    "Delay": {
      "mean": 2584.6769230769232,
      "std": 1653.5038371096973,
      "min": 104.0,
      "max": 10976.0,
      "unit": "ms"
    },
    "NLT": {
      "mean": 892564.5,
      "std": 244663.28229505318,
      "min": 632541.0,
      "max": 1352946.0,
      "unit": "ms"
    },
    "PRR": {
      "mean": 0.38832555719120615,
      "std": 0.06387144605362387,
      "min": 0.2711726384364821,
      "max": 0.47334700843656957,
      "unit": "ratio"
    }
  }
}