{
  "runs": {
    "total": 10,
    "valid": 10
  },
  "metrics": {
    "Delay": {
      "mean": 2636.653553299492,
      "std": 1772.4328897567032,
      "min": 95.0,
      "max": 11788.0,
      "unit": "ms"
    },
    "NLT": {
      "mean": 724326.8,
      "std": 229114.52044085824,
      "min": 430937.0,
      "max": 1135499.0,
      "unit": "ms"
    },
    "PRR": {
      "mean": 0.5192453955987779,
      "std": 0.07766036938278076,
      "min": 0.3732321015072868,
      "max": 0.6028553470413935,
      "unit": "ratio"
    }
  }
}