{
  "runs": {
    "total": 10,
    "valid": 10
  },
  "metrics": {
    "Delay": {
      "mean": 2434.4033898305083,
      "std": 1603.0946737780182,
      "min": 22.0,
      "max": 8606.0,
      "unit": "ms"
    },
    "NLT": {
      "mean": 474716.7,
      "std": 131535.66253052608,
      "min": 290609.0,
      "max": 738744.0,
      "unit": "ms"
    },
    "PRR": {
      "mean": 0.592926603619428,
      "std": 0.14192794012667329,
      "min": 0.3292170906396641,
      "max": 0.7758618899812102,
      "unit": "ratio"
    }
  }
}