{
  "runs": {
    "total": 10,
    "valid": 10
  },
  "metrics": {
    "E2E": {
      "mean": 2771.2408435072143,
      "std": 1814.2428854719287,
      "min": 205.0,
      "max": 16621.0,
      "unit": "ms"
    },
    "NLT": {
      "mean": 788228.4,
      "std": 176267.58748007088,
      "min": 499169.0,
      "max": 1070796.0,
      "unit": "ms"
    },
    "QLR": {
      "mean": 0.25458970484964494,
      "std": 0.14296450598268753,
      "min": 0.0,
      "max": 0.7108282538544282,
      "unit": "ratio"
    },
    "PRR": {
      "mean": 0.3560728087739362,
      "std": 0.11415636974251304,
      "min": 0.16160956642946225,
      "max": 0.46909474114817007,
      "unit": "ratio"
    }
  }
}