{
  "runs": {
    "total": 10,
    "valid": 10
  },
  "metrics": {
    "Delay": {
      "mean": 2763.4061757719714,
      "std": 1842.0600153050377,
      "min": 100.0,
      "max": 11916.0,
      "unit": "ms"
    },
    "NLT": {
      "mean": 859879.0,
      "std": 219868.2377571723,
      "min": 492854.0,
      "max": 1276687.0,
      "unit": "ms"
    },
    "PRR": {
      "mean": 0.368734233876345,
      "std": 0.09783970100548688,
      "min": 0.17780582943832235,
      "max": 0.47593409383728474,
      "unit": "ratio"
    }
  }
}