{
  "runs": {
    "total": 10,
    "valid": 10
  },
  "metrics": {
    "Delay": {
      "mean": 2662.1104060913704,
      "std": 1771.903455868366,
      "min": 158.0,
      "max": 14013.0,
      "unit": "ms"
    },
    "NLT": {
      "mean": 724326.8,
      "std": 229114.52044085824,
      "min": 430937.0,
      "max": 1135499.0,
      "unit": "ms"
    },
    "PRR": {
      "mean": 0.51855056942637,
      "std": 0.07484177247500448,
      "min": 0.3891690828318268,
      "max": 0.6028553470413935,
      "unit": "ratio"
    }
  }
}