{
  "runs": {
    "total": 10,
    "valid": 10
  },
  "metrics": {
    "Delay": {
      "mean": 2820.2609727164886,
      "std": 1762.625864708176,
      "min": 98.0,
      "max": 11599.0,
      "unit": "ms"
    },
    "NLT": {
      "mean": 767932.5,
      "std": 208049.18068585504,
      "min": 317151.0,
      "max": 944332.0,
      "unit": "ms"
    },
    "PRR": {
      "mean": 0.3348567410247198,
      "std": 0.09497200829529891,
      "min": 0.18532695825358597,
      "max": 0.4796385927861897,
      "unit": "ratio"
    }
  }
}