{
  "runs": {
    "total": 10,
    "valid": 10
  },
  "metrics": {
    "Delay": {
      "mean": 2810.8432304038006,
      "std": 1745.48447744643,
      "min": 82.0,
      "max": 10910.0,
      "unit": "ms"
    },
    "NLT": {
      "mean": 783580.5,
      "std": 192807.5846008427,
      "min": 499169.0,
      "max": 1070445.0,
      "unit": "ms"
    },
    "PRR": {
      "mean": 0.35353859790962533,
      "std": 0.0847268209745447,
      "min": 0.22547195253505933,
      "max": 0.45478038539470256,
      "unit": "ratio"
    }
  }
}