{
  "runs": {
    "total": 10,
    "valid": 10
  },
  "metrics": {
    "Delay": {
      "mean": 2890.122619047619,
      "std": 1894.3747429457176,
      "min": 62.0,
      "max": 12099.0,
      "unit": "ms"
    },
    "NLT": {
      "mean": 808972.4,
      "std": 233231.61307030782,
      "min": 492854.0,
      "max": 1276687.0,
      "unit": "ms"
    },
    "PRR": {
      "mean": 0.3687017210093685,
      "std": 0.08465875350797855,
      "min": 0.20789365115746047,
      "max": 0.4894482980384951,
      "unit": "ratio"
    }
  }
}