{
  "runs": {
    "total": 10,
    "valid": 10
  },
  "metrics": {
    "E2E": {
      "mean": 2856.2834821428573,
      "std": 1886.14325599036,
      "min": 119.0,
      "max": 20260.0,
      "unit": "ms"
    },
    "NLT": {
      "mean": 825086.6,
      "std": 158103.71051110022,
      "min": 609722.0,
      "max": 1041076.0,
      "unit": "ms"
    },
    "QLR": {
      "mean": 0.2471408805542741,
      "std": 0.14241396575232002,
      "min": 0.0,
      "max": 0.6707826086956522,
      "unit": "ratio"
    },
    "PRR": {
      "mean": 0.4002728369298924,
      "std": 0.06991145595322187,
      "min": 0.2502714240345059,
      "max": 0.47723698173273704,
      "unit": "ratio"
    }
  }
}