{
  "runs": {
    "total": 10,
    "valid": 10
  },
  "metrics": {
    "Delay": {
      "mean": 2588.3973902728353,
      "std": 1708.8552723661003,
      "min": 116.0,
      "max": 12555.0,
      "unit": "ms"
    },
    "NLT": {
      "mean": 894244.4,
      "std": 248207.56965992978,
      "min": 632541.0,
      "max": 1369745.0,
      "unit": "ms"
    },
    "PRR": {
      "mean": 0.3734881405998256,
      "std": 0.07621733979673688,
      "min": 0.22994422994422994,
      "max": 0.46892550929978416,
      "unit": "ratio"
    }
  }
}