{
  "runs": {
    "total": 10,
    "valid": 10
  },
  "metrics": {
    "Delay": {
      "mean": 2926.1470588235293,
      "std": 1930.5742791947005,
      "min": 109.0,
      "max": 20000.0,
      "unit": "ms"
    },
    "NLT": {
      "mean": 716751.6,
      "std": 149848.33686631292,
      "min": 502932.0,
      "max": 872064.0,
      "unit": "ms"
    },
    "PRR": {
      "mean": 0.4631222157220738,
      "std": 0.08899491004342311,
      "min": 0.29743095427685345,
      "max": 0.5777956177334149,
      "unit": "ratio"
    }
  }
}