{
  "runs": {
    "total": 10,
    "valid": 10
  },
  "metrics": {
    "Delay": {
      "mean": 2878.0781990521327,
      "std": 1859.4545070707677,
      "min": 107.0,
      "max": 12096.0,
      "unit": "ms"
    },
    "NLT": {
      "mean": 889144.0,
      "std": 262330.0163013502,
      "min": 492854.0,
      "max": 1276687.0,
      "unit": "ms"
    },
    "PRR": {
      "mean": 0.3593818046778417,
      "std": 0.0818927522561124,
      "min": 0.22165153159831616,
      "max": 0.4598148695671951,
      "unit": "ratio"
    }
  }
}