{
  "runs": {
    "total": 10,
    "valid": 10
  },
  "metrics": {
    "Delay": {
      "mean": 2740.3226571767495,
      "std": 1777.6500782653561,
      "min": 65.0,
      "max": 12842.0,
      "unit": "ms"
    },
    "NLT": {
      "mean": 846315.5,
      "std": 217143.38480022826,
      "min": 492854.0,
      "max": 1276687.0,
      "unit": "ms"
    },
    "PRR": {
      "mean": 0.3576507144520389,
      "std": 0.08841006732138955,
      "min": 0.23001241863651936,
      "max": 0.47606854254454933,
      "unit": "ratio"
    }
  }
}