{
  "runs": {
    "total": 10,
    "valid": 10
  },
  "metrics": {
    "Delay": {
      "mean": 2900.3084223013047,
      "std": 1918.678813486843,
      "min": 91.0,
      "max": 13495.0,
      "unit": "ms"
    },
    "NLT": {
      "mean": 746830.2,
      "std": 244773.90034651253,
      "min": 236394.0,
      "max": 1210883.0,
      "unit": "ms"
    },
    "PRR": {
      "mean": 0.3736211927336986,
      "std": 0.08435475978907989,
      "min": 0.23289447578016495,
      "max": 0.5164096932716531,
      "unit": "ratio"
    }
  }
}