{
  "runs": {
    "total": 10,
    "valid": 10
  },
  "metrics": {
    "Delay": {
      "mean": 3002.659090909091,
      "std": 1864.390197729625,
      "min": 140.0,
      "max": 11762.0,
      "unit": "ms"
    },
    "NLT": {
      "mean": 856524.7,
      "std": 218414.98972676863,
      "min": 492854.0,
      "max": 1276687.0,
      "unit": "ms"
    },
    "PRR": {
      "mean": 0.3845643892927886,
      "std": 0.05945837920086964,
      "min": 0.2849685089757839,
      "max": 0.48491688244315106,
      "unit": "ratio"
    }
  }
}