{
  "runs": {
    "total": 10,
    "valid": 10
  },
  "metrics": {
    "Delay": {
      "mean": 2880.276595744681,
      "std": 1965.9270403903556,
      "min": 182.0,
      "max": 12232.0,
      "unit": "ms"
    },
    "NLT": {
      "mean": 799416.4,
      "std": 303341.5245872766,
      "min": 236394.0,
      "max": 1366256.0,
      "unit": "ms"
    },
    "PRR": {
      "mean": 0.38769170678737225,
      "std": 0.05871945989351374,
      "min": 0.29438246962404707,
      "max": 0.49499818463243583,
      "unit": "ratio"
    }
  }
}