{
  "runs": {
    "total": 10,
    "valid": 10
  },
  "metrics": {
    "Delay": {
      "mean": 2993.608076009501,
      "std": 1879.154162654438,
      "min": 42.0,
      "max": 12969.0,
      "unit": "ms"
    },
    "NLT": {
      "mean": 842576.9,
      "std": 186660.0954000792,
      "min": 492854.0,
      "max": 1089243.0,
      "unit": "ms"
    },
    "PRR": {
      "mean": 0.36239209466249317,
      "std": 0.07497470386554397,
      "min": 0.22708179967955658,
      "max": 0.49213866729813865,
      "unit": "ratio"
    }
  }
}