{
  "runs": {
    "total": 10,
    "valid": 10
  },
  "metrics": {
    "Delay": {
      "mean": 2723.35349940688,
      "std": 1849.724765639195,
      "min": 55.0,
      "max": 12906.0,
      "unit": "ms"
    },
    "NLT": {
      "mean": 846315.5,
      "std": 217143.38480022826,
      "min": 492854.0,
      "max": 1276687.0,
      "unit": "ms"
    },
    "PRR": {
      "mean": 0.3612729536540353,
      "std": 0.10419053139414378,
      "min": 0.17211236961668908,
      "max": 0.47354079622151113,
      "unit": "ratio"
    }
  }
}