{
  "runs": {
    "total": 10,
    "valid": 10
  },
  "metrics": {
    "Delay": {
      "mean": 2486.271186440678,
      "std": 1625.2771625251353,
      "min": 68.0,
      "max": 8623.0,
      "unit": "ms"
    },
    "NLT": {
      "mean": 468202.1,
      "std": 117672.3856744743,
      "min": 249410.0,
      "max": 652984.0,
      "unit": "ms"
    },
    "PRR": {
      "mean": 0.5941764931057303,
      "std": 0.10352934891814282,
      "min": 0.4331341360184963,
      "max": 0.7258417688388862,
      "unit": "ratio"
    }
  }
}