{
  "runs": {
    "total": 10,
    "valid": 10
  },
  "metrics": {
    "Delay": {
      "mean": 2458.851063829787,
      "std": 1623.566633098652,
      "min": 91.0,
      "max": 15623.0,
      "unit": "ms"
    },
    "NLT": {
      "mean": 864747.4,
      "std": 197836.27506220614,
      "min": 632541.0,
      "max": 1182853.0,
      "unit": "ms"
    },
    "PRR": {
      "mean": 0.40729957372523906,
      "std": 0.046167691608082456,
      "min": 0.318520074022548,
      "max": 0.46988780635130145,
      "unit": "ratio"
    }
  }
}