{
  "runs": {
    "total": 10,
    "valid": 10
  },
  "metrics": {
    "Delay": {
      "mean": 2713.919621749409,
      "std": 1688.1972775625368,
      "min": 52.0,
      "max": 11783.0,
      "unit": "ms"
    },
    "NLT": {
      "mean": 827538.9,
      "std": 288600.6260932802,
      "min": 236394.0,
      "max": 1366256.0,
      "unit": "ms"
    },
    "PRR": {
      "mean": 0.35861867145724696,
      "std": 0.0819124520563357,
      "min": 0.22732065193515794,
      "max": 0.4660539592834028,
      "unit": "ratio"
    }
  }
}