{
  "runs": {
    "total": 10,
    "valid": 10
  },
  "metrics": {
    "Delay": {
      "mean": 2734.1649659863947,
      "std": 1708.5057435185709,
      "min": 107.0,
      "max": 9434.0,
      "unit": "ms"
    },
    "NLT": {
      "mean": 476296.1,
      "std": 129715.50363815422,
      "min": 327605.0,
      "max": 737781.0,
      "unit": "ms"
    },
    "PRR": {
      "mean": 0.5603296846087944,
      "std": 0.14439460699488013,
      "min": 0.2670522720979602,
      "max": 0.7221784251134058,
      "unit": "ratio"
    }
  }
}