{
  "runs": {
    "total": 10,
    "valid": 10
  },
  "metrics": {
    "Delay": {
      "mean": 3038.5131578947367,
      "std": 1952.4758355609467,
      "min": 10.0,
      "max": 13805.0,
      "unit": "ms"
    },
    "NLT": {
      "mean": 860561.4,
      "std": 197201.57522990418,
      "min": 492854.0,
      "max": 1051459.0,
      "unit": "ms"
    },
    "PRR": {
      "mean": 0.36166273708344193,
      "std": 0.0996207774991597,
      "min": 0.1964426030430745,
      "max": 0.5019614095094543,
      "unit": "ratio"
    }
  }
}