{
  "runs": {
    "total": 10,
    "valid": 10
  },
  "metrics": {
    "Delay": {
      "mean": 2674.2571090047395,
      "std": 1839.8377266133245,
      "min": 103.0,
      "max": 20452.0,
      "unit": "ms"
    },
    "NLT": {
      "mean": 773413.5,
      "std": 183323.61976100566,
      "min": 499169.0,
      "max": 1033638.0,
      "unit": "ms"
    },
    "PRR": {
      "mean": 0.3608814929509953,
      "std": 0.05564290764682044,
      "min": 0.28322192306502025,
      "max": 0.43315074887085925,
      "unit": "ratio"
    }
  }
}