{
  "runs": {
    "total": 10,
    "valid": 10
  },
  "metrics": {
    "Delay": {
      "mean": 2835.105700712589,
      "std": 1861.776715122152,
      "min": 70.0,
      "max": 11916.0,
      "unit": "ms"
    },
    "NLT": {
      "mean": 846315.5,
      "std": 217143.38480022826,
      "min": 492854.0,
      "max": 1276687.0,
      "unit": "ms"
    },
    "PRR": {
      "mean": 0.3647893867726615,
      "std": 0.10830910551597636,
      "min": 0.1452848652648161,
      "max": 0.47613348654692483,
      "unit": "ratio"
    }
  }
}