{
  "runs": {
    "total": 10,
    "valid": 10
  },
  "metrics": {
    "Delay": {
      "mean": 2851.8828025477706,
      "std": 1838.9417990596849,
      "min": 109.0,
      "max": 13558.0,
      "unit": "ms"
    },
    "NLT": {
      "mean": 716751.6,
      "std": 149848.33686631292,
      "min": 502932.0,
      "max": 872064.0,
      "unit": "ms"
    },
    "PRR": {
      "mean": 0.4654494870734451,
      "std": 0.07609173481301275,
      "min": 0.35463926002055496,
      "max": 0.5631002328501068,
      "unit": "ratio"
    }
  }
}