{
  "runs": {
    "total": 10,
    "valid": 10
  },
  "metrics": {
    "Delay": {
      "mean": 2770.516129032258,
      "std": 1706.7716427925477,
      "min": 55.0,
      "max": 9434.0,
      "unit": "ms"
    },
    "NLT": {
      "mean": 476296.1,
      "std": 129715.50363815422,
      "min": 327605.0,
      "max": 737781.0,
      "unit": "ms"
    },
    "PRR": {
      "mean": 0.5566128019986535,
      "std": 0.15127414348105855,
      "min": 0.2816454778363223,
      "max": 0.7198757198757199,
      "unit": "ratio"
    }
  }
}