{
  "runs": {
    "total": 10,
    "valid": 10
  },
  "metrics": {
    "E2E": {
      "mean": 2988.8180803571427,
      "std": 1863.4784448322175,
      "min": 172.0,
      "max": 12056.0,
      "unit": "ms"
    },
    "NLT": {
      "mean": 833819.7,
      "std": 160950.57345246637,
      "min": 609722.0,
      "max": 1041076.0,
      "unit": "ms"
    },
    "QLR": {
      "mean": 0.24544786449182696,
      "std": 0.14171164761061164,
      "min": 0.0,
      "max": 0.6719399538106235,
      "unit": "ratio"
    },
    "PRR": {
      "mean": 0.3831015188924507,
      "std": 0.06870349885805348,
      "min": 0.27426454383551035,
      "max": 0.4908082504734298,
      "unit": "ratio"
    }
  }
}