{
  "runs": {
    "total": 10,
    "valid": 10
  },
  "metrics": {
    "Delay": {
      "mean": 2794.4707287933093,
      "std": 1873.7024756200126,
      "min": 118.0,
      "max": 11916.0,
      "unit": "ms"
    },
    "NLT": {
      "mean": 846976.6,
      "std": 217080.61252918106,
      "min": 492854.0,
      "max": 1276687.0,
      "unit": "ms"
    },
    "PRR": {
      "mean": 0.39051698052920786,
      "std": 0.06286664817591008,
      "min": 0.2922124686143605,
      "max": 0.4796385927861897,
      "unit": "ratio"
    }
  }
}