{
  "runs": {
    "total": 10,
    "valid": 10
  },
  "metrics": {
    "Delay": {
      "mean": 2778.986904761905,
      "std": 1835.973846563004,
      "min": 75.0,
      "max": 11916.0,
      "unit": "ms"
    },
    "NLT": {
      "mean": 846315.5,
      "std": 217143.38480022826,
      "min": 492854.0,
      "max": 1276687.0,
      "unit": "ms"
    },
    "PRR": {
      "mean": 0.3683529336558414,
      "std": 0.08985503936297183,
      "min": 0.1886227839628306,
      "max": 0.4796385927861897,
      "unit": "ratio"
    }
  }
}