{
  "runs": {
    "total": 10,
    "valid": 10
  },
  "metrics": {
    "E2E": {
      "mean": 2820.172452407615,
      "std": 1771.3794343030152,
      "min": 106.0,
      "max": 13824.0,
      "unit": "ms"
    },
    "NLT": {
      "mean": 839015.9,
      "std": 182221.4023229556,
      "min": 514583.0,
      "max": 1070379.0,
      "unit": "ms"
    },
    "QLR": {
      "mean": 0.25145527301054976,
      "std": 0.1456522268822362,
      "min": 0.0,
      "max": 0.6944548520044961,
      "unit": "ratio"
    },
    "PRR": {
      "mean": 0.3716946266534756,
      "std": 0.09414249947402599,
      "min": 0.19083003278035737,
      "max": 0.46835510763932797,
      "unit": "ratio"
    }
  }
}