{
  "runs": {
    "total": 10,
    "valid": 10
  },
  "metrics": {
    "Delay": {
      "mean": 2837.487514863258,
      "std": 1843.5909428143948,
      "min": 98.0,
      "max": 11916.0,
      "unit": "ms"
    },
    "NLT": {
      "mean": 870526.6,
      "std": 227716.35266132685,
      "min": 492854.0,
      "max": 1276687.0,
      "unit": "ms"
    },
    "PRR": {
      "mean": 0.3707976167047448,
      "std": 0.09044981429305808,
      "min": 0.22555472619936215,
      "max": 0.4796385927861897,
      "unit": "ratio"
    }
  }
}