{
  "runs": {
    "total": 10,
    "valid": 10
  },
  "metrics": {
    "Delay": {
      "mean": 2836.3135391923993,
      "std": 1847.3370316411767,
      "min": 0.0,
      "max": 11916.0,
      "unit": "ms"
    },
    "NLT": {
      "mean": 864677.1,
      "std": 222809.99475410033,
      "min": 492854.0,
      "max": 1276687.0,
      "unit": "ms"
    },
    "PRR": {
      "mean": 0.3738130090493079,
      "std": 0.08394626322806441,
      "min": 0.22185178686319237,
      "max": 0.48094119902237986,
      "unit": "ratio"
    }
  }
}