{
  "runs": {
    "total": 10,
    "valid": 10
  },
  "metrics": {
    "Delay": {
      "mean": 2586.2346698113206,
      "std": 1757.8696818981903,
      "min": 47.0,
      "max": 11485.0,
      "unit": "ms"
    },
    "NLT": {
      "mean": 844456.2,
      "std": 170037.18231597333,
      "min": 632541.0,
      "max": 1149297.0,
      "unit": "ms"
    },
    "PRR": {
      "mean": 0.38965965456886825,
      "std": 0.048843399956486455,
      "min": 0.31870413761171834,
      "max": 0.485824837313272,
      "unit": "ratio"
    }
  }
}