{
  "runs": {
    "total": 10,
    "valid": 10
  },
  "metrics": {
    "Delay": {
      "mean": 2663.9443127962086,
      "std": 1780.3634388395826,
      "min": 150.0,
      "max": 12232.0,
      "unit": "ms"
    },
    "NLT": {
      "mean": 778056.0,
      "std": 284530.1104355116,
      "min": 236394.0,
      "max": 1366256.0,
      "unit": "ms"
    },
    "PRR": {
      "mean": 0.39984069121724714,
      "std": 0.05013599833958689,
      "min": 0.3137599401649697,
      "max": 0.5017353484936982,
      "unit": "ratio"
    }
  }
}