{
  "runs": {
    "total": 10,
    "valid": 10
  },
  "metrics": {
    "Delay": {
      "mean": 2723.188775510204,
      "std": 1693.5739444616277,
      "min": 49.0,
      "max": 9434.0,
      "unit": "ms"
    },
    "NLT": {
      "mean": 476296.1,
      "std": 129715.50363815422,
      "min": 327605.0,
      "max": 737781.0,
      "unit": "ms"
    },
    "PRR": {
      "mean": 0.5641714023674256,
      "std": 0.1392848039006676,
      "min": 0.303453245874636,
      "max": 0.7198239432041297,
      "unit": "ratio"
    }
  }
}