{
  "runs": {
    "total": 10,
    "valid": 10
  },
  "metrics": {
    "Delay": {
      "mean": 2841.3707006369427,
      "std": 1781.751166205064,
      "min": 128.0,
      "max": 11014.0,
      "unit": "ms"
    },
    "NLT": {
      "mean": 716751.6,
      "std": 149848.33686631292,
      "min": 502932.0,
      "max": 872064.0,
      "unit": "ms"
    },
    "PRR": {
      "mean": 0.4488583934793996,
      "std": 0.09706687374896876,
      "min": 0.29814023704750586,
      "max": 0.5706436805392955,
      "unit": "ratio"
    }
  }
}