{
  "runs": {
    "total": 10,
    "valid": 10
  },
  "metrics": {
    "Delay": {
      "mean": 2823.4053708439897,
      "std": 1783.8816071547453,
      "min": 105.0,
      "max": 11014.0,
      "unit": "ms"
    },
    "NLT": {
      "mean": 716751.6,
      "std": 149848.33686631292,
      "min": 502932.0,
      "max": 872064.0,
      "unit": "ms"
    },
    "PRR": {
      "mean": 0.46120541240243523,
      "std": 0.08678549753341164,
      "min": 0.3219165359531082,
      "max": 0.5707685869110317,
      "unit": "ratio"
    }
  }
}